"panel","item","value"
"Best/Worst Case Panels","Combined Costs and Benefits (Favorable / Unfavorable) - Best Case Scenario - Favorable","1"
"Best/Worst Case Panels","Combined Costs and Benefits (Favorable / Unfavorable) - Best Case Scenario - Unfavorable","0"
"Best/Worst Case Panels","Combined Costs and Benefits (Favorable / Unfavorable) - Best Case Scenario - Confidence","100"
"Best/Worst Case Panels","Combined Costs and Benefits (Favorable / Unfavorable) - Worst Case Scenario - Favorable","0"
"Best/Worst Case Panels","Combined Costs and Benefits (Favorable / Unfavorable) - Worst Case Scenario - Unfavorable","1"
"Best/Worst Case Panels","Combined Costs and Benefits (Favorable / Unfavorable) - Worst Case Scenario - Confidence","100"
"Best/Worst Case Panels","Deployable in a Reasonable Timeframe - Best Case Scenario - Yes","0.75"
"Best/Worst Case Panels","Deployable in a Reasonable Timeframe - Best Case Scenario - No","0.25"
"Best/Worst Case Panels","Deployable in a Reasonable Timeframe - Best Case Scenario - Confidence","90"
"Best/Worst Case Panels","Deployable in a Reasonable Timeframe - Worst Case Scenario - Yes","0"
"Best/Worst Case Panels","Deployable in a Reasonable Timeframe - Worst Case Scenario - No","1"
"Best/Worst Case Panels","Deployable in a Reasonable Timeframe - Worst Case Scenario - Confidence","100"
"Best/Worst Case Panels","Will the Control Tool Be Successful? - Best Case Scenario - Yes","0.7"
"Best/Worst Case Panels","Will the Control Tool Be Successful? - Best Case Scenario - No","0.3"
"Best/Worst Case Panels","Will the Control Tool Be Successful? - Best Case Scenario - Confidence","75"
"Best/Worst Case Panels","Will the Control Tool Be Successful? - Worst Case Scenario - Yes","0.1"
"Best/Worst Case Panels","Will the Control Tool Be Successful? - Worst Case Scenario - No","0.9"
"Best/Worst Case Panels","Will the Control Tool Be Successful? - Worst Case Scenario - Confidence","90"
"Best/Worst Case Panels","Social Acceptance - Best Case Scenario - Acceptable in all locations","0.25"
"Best/Worst Case Panels","Social Acceptance - Best Case Scenario - Acceptable in a few locations","0.7"
"Best/Worst Case Panels","Social Acceptance - Best Case Scenario - Not acceptable anywhere","0.05"
"Best/Worst Case Panels","Social Acceptance - Best Case Scenario - Confidence","75"
"Best/Worst Case Panels","Social Acceptance - Worst Case Scenario - Acceptable in all locations","0.13"
"Best/Worst Case Panels","Social Acceptance - Worst Case Scenario - Acceptable in a few locations","0.29"
"Best/Worst Case Panels","Social Acceptance - Worst Case Scenario - Not acceptable anywhere","0.57"
"Best/Worst Case Panels","Social Acceptance - Worst Case Scenario - Confidence","65"
"Budget Units","Area unit","square meter"
"Budget Units","Currency","CAD"
"Budget Panels","Annual Budget - Under-resourced (lower)",NA
"Budget Panels","Annual Budget - Well-resourced (upper)",NA
"Budget Panels","Annual Budget - Typical (best)",NA
"Budget Panels","Annual Budget - Confidence (%)","50"
"Budget Panels","One-Time Budget - Under-resourced (lower)",NA
"Budget Panels","One-Time Budget - Well-resourced (upper)",NA
"Budget Panels","One-Time Budget - Typical (best)",NA
"Budget Panels","One-Time Budget - Confidence (%)","50"
"Factor Weighting: Fish Species in Protected Embayment Habitat","prey/planktivore/forage fish (smelt, bloater, alewife) vs walleye","0.142857142857143"
"Factor Weighting: Fish Species in Protected Embayment Habitat","prey/planktivore/forage fish (smelt, bloater, alewife) vs yellow perch","0.111111111111111"
"Factor Weighting: Fish Species in Protected Embayment Habitat","prey/planktivore/forage fish (smelt, bloater, alewife) vs black bass (SMB/LMB)","1"
"Factor Weighting: Fish Species in Protected Embayment Habitat","prey/planktivore/forage fish (smelt, bloater, alewife) vs pike","0.142857142857143"
"Factor Weighting: Fish Species in Protected Embayment Habitat","prey/planktivore/forage fish (smelt, bloater, alewife) vs muskellunge","0.142857142857143"
"Factor Weighting: Fish Species in Protected Embayment Habitat","prey/planktivore/forage fish (smelt, bloater, alewife) vs threatened and endangered species","0.111111111111111"
"Factor Weighting: Fish Species in Protected Embayment Habitat","walleye vs yellow perch","0.2"
"Factor Weighting: Fish Species in Protected Embayment Habitat","walleye vs black bass (SMB/LMB)","1"
"Factor Weighting: Fish Species in Protected Embayment Habitat","walleye vs pike","1"
"Factor Weighting: Fish Species in Protected Embayment Habitat","walleye vs muskellunge","0.333333333333333"
"Factor Weighting: Fish Species in Protected Embayment Habitat","walleye vs threatened and endangered species","0.142857142857143"
"Factor Weighting: Fish Species in Protected Embayment Habitat","yellow perch vs black bass (SMB/LMB)","7"
"Factor Weighting: Fish Species in Protected Embayment Habitat","yellow perch vs pike","7"
"Factor Weighting: Fish Species in Protected Embayment Habitat","yellow perch vs muskellunge","5"
"Factor Weighting: Fish Species in Protected Embayment Habitat","yellow perch vs threatened and endangered species","1"
"Factor Weighting: Fish Species in Protected Embayment Habitat","black bass (SMB/LMB) vs pike","1"
"Factor Weighting: Fish Species in Protected Embayment Habitat","black bass (SMB/LMB) vs muskellunge","0.2"
"Factor Weighting: Fish Species in Protected Embayment Habitat","black bass (SMB/LMB) vs threatened and endangered species","0.142857142857143"
"Factor Weighting: Fish Species in Protected Embayment Habitat","pike vs muskellunge","0.2"
"Factor Weighting: Fish Species in Protected Embayment Habitat","pike vs threatened and endangered species","0.142857142857143"
"Factor Weighting: Fish Species in Protected Embayment Habitat","muskellunge vs threatened and endangered species","0.142857142857143"
"Factor Weighting: Fish Species in Protected Embayment Habitat","Confidence (Factor Weighting: Fish Species in Protected Embayment Habitat)","75"
"Factor Weighting: Fish Species in Spawning Reef Habitat","lake trout vs lake whitefish","7"
"Factor Weighting: Fish Species in Spawning Reef Habitat","lake trout vs ciscoes","7"
"Factor Weighting: Fish Species in Spawning Reef Habitat","lake trout vs sculpins","7"
"Factor Weighting: Fish Species in Spawning Reef Habitat","lake trout vs walleye","7"
"Factor Weighting: Fish Species in Spawning Reef Habitat","lake trout vs yellow perch","1"
"Factor Weighting: Fish Species in Spawning Reef Habitat","lake trout vs black bass (SMB/LMB)","7"
"Factor Weighting: Fish Species in Spawning Reef Habitat","lake trout vs threatened and endangered species","0.333333333333333"
"Factor Weighting: Fish Species in Spawning Reef Habitat","lake whitefish vs ciscoes","3"
"Factor Weighting: Fish Species in Spawning Reef Habitat","lake whitefish vs sculpins","3"
"Factor Weighting: Fish Species in Spawning Reef Habitat","lake whitefish vs walleye","0.333333333333333"
"Factor Weighting: Fish Species in Spawning Reef Habitat","lake whitefish vs yellow perch","0.142857142857143"
"Factor Weighting: Fish Species in Spawning Reef Habitat","lake whitefish vs black bass (SMB/LMB)","1"
"Factor Weighting: Fish Species in Spawning Reef Habitat","lake whitefish vs threatened and endangered species","0.142857142857143"
"Factor Weighting: Fish Species in Spawning Reef Habitat","ciscoes vs sculpins","1"
"Factor Weighting: Fish Species in Spawning Reef Habitat","ciscoes vs walleye","0.333333333333333"
"Factor Weighting: Fish Species in Spawning Reef Habitat","ciscoes vs yellow perch","0.142857142857143"
"Factor Weighting: Fish Species in Spawning Reef Habitat","ciscoes vs black bass (SMB/LMB)","0.333333333333333"
"Factor Weighting: Fish Species in Spawning Reef Habitat","ciscoes vs threatened and endangered species","0.142857142857143"
"Factor Weighting: Fish Species in Spawning Reef Habitat","sculpins vs walleye","0.2"
"Factor Weighting: Fish Species in Spawning Reef Habitat","sculpins vs yellow perch","0.142857142857143"
"Factor Weighting: Fish Species in Spawning Reef Habitat","sculpins vs black bass (SMB/LMB)","0.333333333333333"
"Factor Weighting: Fish Species in Spawning Reef Habitat","sculpins vs threatened and endangered species","0.142857142857143"
"Factor Weighting: Fish Species in Spawning Reef Habitat","walleye vs yellow perch","0.142857142857143"
"Factor Weighting: Fish Species in Spawning Reef Habitat","walleye vs black bass (SMB/LMB)","3"
"Factor Weighting: Fish Species in Spawning Reef Habitat","walleye vs threatened and endangered species","0.142857142857143"
"Factor Weighting: Fish Species in Spawning Reef Habitat","yellow perch vs black bass (SMB/LMB)","7"
"Factor Weighting: Fish Species in Spawning Reef Habitat","yellow perch vs threatened and endangered species","0.333333333333333"
"Factor Weighting: Fish Species in Spawning Reef Habitat","black bass (SMB/LMB) vs threatened and endangered species","0.142857142857143"
"Factor Weighting: Fish Species in Spawning Reef Habitat","Confidence (Factor Weighting: Fish Species in Spawning Reef Habitat)","75"
"Factor Weighting: Fish Species in Open Water Pelagic Habitat","lake trout vs prey/planktivore/forage fish (smelt, bloater, alewife)","7"
"Factor Weighting: Fish Species in Open Water Pelagic Habitat","lake trout vs ciscoes","7"
"Factor Weighting: Fish Species in Open Water Pelagic Habitat","lake trout vs trout and salmon","0.2"
"Factor Weighting: Fish Species in Open Water Pelagic Habitat","prey/planktivore/forage fish (smelt, bloater, alewife) vs ciscoes","1"
"Factor Weighting: Fish Species in Open Water Pelagic Habitat","prey/planktivore/forage fish (smelt, bloater, alewife) vs trout and salmon","0.142857142857143"
"Factor Weighting: Fish Species in Open Water Pelagic Habitat","ciscoes vs trout and salmon","0.142857142857143"
"Factor Weighting: Fish Species in Open Water Pelagic Habitat","Confidence (Factor Weighting: Fish Species in Open Water Pelagic Habitat)","75"
"Factor Weighting: Ecosystem Benefits in Protected Embayment Habitat","1. wetlands and coastal habitats vs 2. phytoplankton","7"
"Factor Weighting: Ecosystem Benefits in Protected Embayment Habitat","1. wetlands and coastal habitats vs 3. zooplankton","7"
"Factor Weighting: Ecosystem Benefits in Protected Embayment Habitat","1. wetlands and coastal habitats vs 4. benthic community","5"
"Factor Weighting: Ecosystem Benefits in Protected Embayment Habitat","1. wetlands and coastal habitats vs 5. reduce cyanobacteria","0.2"
"Factor Weighting: Ecosystem Benefits in Protected Embayment Habitat","1. wetlands and coastal habitats vs 6. recreational use","0.333333333333333"
"Factor Weighting: Ecosystem Benefits in Protected Embayment Habitat","1. wetlands and coastal habitats vs 7. surface water quality","0.2"
"Factor Weighting: Ecosystem Benefits in Protected Embayment Habitat","2. phytoplankton vs 3. zooplankton","1"
"Factor Weighting: Ecosystem Benefits in Protected Embayment Habitat","2. phytoplankton vs 4. benthic community","0.333333333333333"
"Factor Weighting: Ecosystem Benefits in Protected Embayment Habitat","2. phytoplankton vs 5. reduce cyanobacteria","0.2"
"Factor Weighting: Ecosystem Benefits in Protected Embayment Habitat","2. phytoplankton vs 6. recreational use","0.2"
"Factor Weighting: Ecosystem Benefits in Protected Embayment Habitat","2. phytoplankton vs 7. surface water quality","0.142857142857143"
"Factor Weighting: Ecosystem Benefits in Protected Embayment Habitat","3. zooplankton vs 4. benthic community","0.333333333333333"
"Factor Weighting: Ecosystem Benefits in Protected Embayment Habitat","3. zooplankton vs 5. reduce cyanobacteria","0.142857142857143"
"Factor Weighting: Ecosystem Benefits in Protected Embayment Habitat","3. zooplankton vs 6. recreational use","0.2"
"Factor Weighting: Ecosystem Benefits in Protected Embayment Habitat","3. zooplankton vs 7. surface water quality","0.142857142857143"
"Factor Weighting: Ecosystem Benefits in Protected Embayment Habitat","4. benthic community vs 5. reduce cyanobacteria","0.142857142857143"
"Factor Weighting: Ecosystem Benefits in Protected Embayment Habitat","4. benthic community vs 6. recreational use","0.2"
"Factor Weighting: Ecosystem Benefits in Protected Embayment Habitat","4. benthic community vs 7. surface water quality","0.142857142857143"
"Factor Weighting: Ecosystem Benefits in Protected Embayment Habitat","5. reduce cyanobacteria vs 6. recreational use","5"
"Factor Weighting: Ecosystem Benefits in Protected Embayment Habitat","5. reduce cyanobacteria vs 7. surface water quality","3"
"Factor Weighting: Ecosystem Benefits in Protected Embayment Habitat","6. recreational use vs 7. surface water quality","0.333333333333333"
"Factor Weighting: Ecosystem Benefits in Protected Embayment Habitat","Confidence (Factor Weighting: Ecosystem Benefits in Protected Embayment Habitat)","75"
"Factor Weighting: Ecosystem Benefits in Spawning Reef Habitats","1. wetlands and coastal habitats vs 4. benthic community","5"
"Factor Weighting: Ecosystem Benefits in Spawning Reef Habitats","1. wetlands and coastal habitats vs 8. Dioporeia recovery","3"
"Factor Weighting: Ecosystem Benefits in Spawning Reef Habitats","4. benthic community vs 8. Dioporeia recovery","3"
"Factor Weighting: Ecosystem Benefits in Spawning Reef Habitats","Confidence (Factor Weighting: Ecosystem Benefits in Spawning Reef Habitats)","75"
"Factor Weighting: Ecosystem Benefits in Open Water Pelagic Habitats","2. phytoplankton vs 3. zooplankton","1"
"Factor Weighting: Ecosystem Benefits in Open Water Pelagic Habitats","2. phytoplankton vs 5. reduce cyanobacteria","0.333333333333333"
"Factor Weighting: Ecosystem Benefits in Open Water Pelagic Habitats","3. zooplankton vs 5. reduce cyanobacteria","0.333333333333333"
"Factor Weighting: Ecosystem Benefits in Open Water Pelagic Habitats","Confidence (Factor Weighting: Ecosystem Benefits in Open Water Pelagic Habitats)","75"
"Factor Weighting: Nontarget Impacts","fish species vs benthic habitat","5"
"Factor Weighting: Nontarget Impacts","fish species vs water quality","0.2"
"Factor Weighting: Nontarget Impacts","fish species vs biodiversity","1"
"Factor Weighting: Nontarget Impacts","fish species vs threatened and endangered species","0.2"
"Factor Weighting: Nontarget Impacts","benthic habitat vs water quality","0.2"
"Factor Weighting: Nontarget Impacts","benthic habitat vs biodiversity","0.333333333333333"
"Factor Weighting: Nontarget Impacts","benthic habitat vs threatened and endangered species","0.2"
"Factor Weighting: Nontarget Impacts","water quality vs biodiversity","5"
"Factor Weighting: Nontarget Impacts","water quality vs threatened and endangered species","1"
"Factor Weighting: Nontarget Impacts","biodiversity vs threatened and endangered species","0.333333333333333"
"Factor Weighting: Nontarget Impacts","Confidence (Factor Weighting: Nontarget Impacts)","75"
"Factor Weighting: Benefits to Fish v.s. Benefits to Ecosystem","The control tool enhances ecosystem and water quality objectives. vs The control tool enhances priority fish taxa.","1"
"Factor Weighting: Benefits to Fish v.s. Benefits to Ecosystem","Confidence (Factor Weighting: Benefits to Fish v.s. Benefits to Ecosystem)","75"
